{
	"class_name" : "PinholeCameraParameters",
	"extrinsic" : 
	[
		0.99244486080504479,
		-0.0016983496551583551,
		0.1226797206962273,
		0.0,
		-0.0020603608738718367,
		-0.99999388977142945,
		0.0028240631854876716,
		0.0,
		0.12267417484835566,
		-0.0030554914915659941,
		-0.99244229595328126,
		0.0,
		-0.068128057561908983,
		0.07699643480524937,
		5.4393880164413213,
		1.0
	],
	"intrinsic" : 
	{
		"height" : 1080,
		"intrinsic_matrix" : 
		[
			935.30743608719376,
			0.0,
			0.0,
			0.0,
			935.30743608719376,
			0.0,
			959.5,
			539.5,
			1.0
		],
		"width" : 1920
	},
	"version_major" : 1,
	"version_minor" : 0
}