{
	"class_name" : "PinholeCameraParameters",
	"extrinsic" : 
	[
		0.31080868392245348,
		-0.031727794471538423,
		0.94994279251772018,
		0.0,
		-0.078082199596258423,
		-0.99691680656085335,
		-0.0077492517522990186,
		0.0,
		0.94725980179916991,
		-0.071765087991879903,
		-0.31232777660802963,
		0.0,
		-2.3516712446404213,
		0.24589226248960633,
		3.8981197597349393,
		1.0
	],
	"intrinsic" : 
	{
		"height" : 1080,
		"intrinsic_matrix" : 
		[
			935.30743608719376,
			0.0,
			0.0,
			0.0,
			935.30743608719376,
			0.0,
			959.5,
			539.5,
			1.0
		],
		"width" : 1920
	},
	"version_major" : 1,
	"version_minor" : 0
}