{
	"class_name" : "PinholeCameraParameters",
	"extrinsic" : 
	[
		-0.1340595633229002,
		0.48028374988484523,
		0.86680767940658254,
		0.0,
		-0.73478526121933618,
		0.53872947430315132,
		-0.4121421762109313,
		0.0,
		-0.66492003532492949,
		-0.69216910730947956,
		0.28068358254428222,
		0.0,
		2.753204527137858,
		0.99423849308480561,
		5.6511388273599712,
		1.0
	],
	"intrinsic" : 
	{
		"height" : 1111,
		"intrinsic_matrix" : 
		[
			962.15422360451134,
			0.0,
			0.0,
			0.0,
			962.15422360451134,
			0.0,
			959.5,
			555.0,
			1.0
		],
		"width" : 1920
	},
	"version_major" : 1,
	"version_minor" : 0
}