{
	"class_name" : "PinholeCameraParameters",
	"extrinsic" : 
	[
		-0.6173507955360451,
		-0.73364542539790045,
		0.28397602899495933,
		0.0,
		-0.78668777435327886,
		0.57545773508837261,
		-0.22354136263798066,
		0.0,
		0.00058389562173832843,
		-0.36140390827949559,
		-0.93240917742491625,
		0.0,
		1.1214919110654091,
		0.066353257934868903,
		8.4497207454304757,
		1.0
	],
	"intrinsic" : 
	{
		"height" : 1111,
		"intrinsic_matrix" : 
		[
			962.15422360451134,
			0.0,
			0.0,
			0.0,
			962.15422360451134,
			0.0,
			959.5,
			555.0,
			1.0
		],
		"width" : 1920
	},
	"version_major" : 1,
	"version_minor" : 0
}