{
	"class_name" : "PinholeCameraParameters",
	"extrinsic" : 
	[
		0.6097561026719055,
		0.76897110933903201,
		-0.19204407894092235,
		0.0,
		-0.77439346374075235,
		0.62962538333819251,
		0.062342922387664708,
		0.0,
		0.16885573300888804,
		0.11070370209768382,
		0.97940412076522254,
		0.0,
		0.70856700611889034,
		-1.1731076912518819,
		3.1567529311236875,
		1.0
	],
	"intrinsic" : 
	{
		"height" : 1111,
		"intrinsic_matrix" : 
		[
			962.15422360451134,
			0.0,
			0.0,
			0.0,
			962.15422360451134,
			0.0,
			959.5,
			555.0,
			1.0
		],
		"width" : 1920
	},
	"version_major" : 1,
	"version_minor" : 0
}